id;domicile;exterieur;date
1;mobile Fish;Home Loan Account Table Computer;2019-11-04
2;FTP Savings Account;deposit Tasty Metal Bacon Implementation;2019-11-04
3;Officer;methodology Albania;2019-11-04
4;intangible;enable Gorgeous Frozen Pants;2019-11-04
5;Licensed Savings Account;Cambridgeshire Mississippi;2019-11-04
6;Credit Card Account Table Small Frozen Sausages;South Dakota envisioneer Music;2019-11-04
7;Monitored Bahamian Dollar Investment Account;Games Regional Digitized;2019-11-04
8;hardware Costa Rica Mayotte;Industrial;2019-11-03
9;Views e-enable Communications;National Awesome sky blue;2019-11-04
10;software scale interactive;Louisiana Specialist Home Loan Account;2019-11-04
